augmentation	clean	blur	dark	rotate	noise
none	0.913978	0.899642	0.899642	0.706093	0.910394
rotation	0.892473	0.885305	0.835125	0.838710	0.863799
crop	0.903226	0.878136	0.874552	0.655914	0.892473
color	0.906810	0.881720	0.924731	0.759857	0.913978
cutout	0.910394	0.913978	0.892473	0.577061	0.888889
